{
  "qwen3vl2b": [
    {
      "dataset": "mmbench",
      "n_samples": 300,
      "baseline": {
        "accuracy": 0.81,
        "agl": 2.0366666666666666,
        "itl_ms_per_token": 38.3493181069692,
        "tokens_per_second": 26.07608294913256
      },
      "bra": {
        "accuracy": 0.81,
        "avg_candidate_window": 0.5,
        "avg_visual_topk": 0.02,
        "avg_resonance_time_ms": 0.06203032253930966,
        "intervention_rate": 0.01,
        "agl": 2.026666666666667,
        "itl_ms_per_token": 34.532899379730225,
        "tokens_per_second": 28.95789284889788
      },
      "bra_method": "bra_zero",
      "sample_count": 300,
      "model_family": "qwen3_vl",
      "notes": [],
      "sample_audits": [
        {
          "sample_index": 103,
          "ground_truth": {
            "answer": "A"
          },
          "base_preview": "A. Solution A",
          "bra_preview": "A. Solution A",
          "audit": [
            {
              "step": 4,
              "token_ids": [
                362,
                425,
                220,
                32,
                56755,
                264,
                400,
                374,
                356,
                271
              ],
              "raw_scores": [
                2.452138,
                2.25372,
                1.70623,
                1.816171,
                1.609793,
                1.670892,
                1.226284,
                1.867148,
                1.598895,
                1.908075
              ],
              "rel_scores": [
                0.000843,
                0.000381,
                4.3e-05,
                6.6e-05,
                2.9e-05,
                3.7e-05,
                6e-06,
                8.1e-05,
                2.8e-05,
                9.6e-05
              ],
              "mask": [
                1.0,
                1.0,
                1.0,
                0.0,
                1.0,
                1.0,
                1.0,
                1.0,
                1.0,
                1.0
              ],
              "reasons": [
                "always_after_warmup"
              ],
              "intervened": true,
              "resonance_time_ms": 32.697,
              "visual_topk": 2
            },
            {
              "step": 5,
              "token_ids": [
                151645,
                198,
                271,
                374,
                220,
                702,
                13,
                11,
                320,
                2303
              ],
              "raw_scores": [
                4.219578,
                2.122332,
                1.908075,
                1.867148,
                1.70623,
                1.62539,
                2.05858,
                1.628038,
                1.605614,
                1.263453
              ],
              "rel_scores": [
                0.994787,
                0.000226,
                9.6e-05,
                8.1e-05,
                4.3e-05,
                3.1e-05,
                0.000175,
                3.1e-05,
                2.9e-05,
                7e-06
              ],
              "mask": [
                1.0,
                1.0,
                1.0,
                1.0,
                1.0,
                1.0,
                0.0,
                0.0,
                1.0,
                1.0
              ],
              "reasons": [
                "always_after_warmup"
              ],
              "intervened": true,
              "resonance_time_ms": 0.2926,
              "visual_topk": 2
            }
          ]
        },
        {
          "sample_index": 104,
          "ground_truth": {
            "answer": "A"
          },
          "base_preview": "A",
          "bra_preview": "A. Solution B",
          "audit": [
            {
              "step": 4,
              "token_ids": [
                425,
                362,
                220,
                374,
                356,
                33,
                400,
                702,
                422,
                293
              ],
              "raw_scores": [
                2.10733,
                2.452926,
                1.774154,
                1.836787,
                1.58418,
                1.2925,
                1.297945,
                1.401076,
                1.527942,
                1.091466
              ],
              "rel_scores": [
                0.050637,
                0.201758,
                0.013356,
                0.017159,
                0.006247,
                0.001945,
                0.001988,
                0.003003,
                0.004989,
                0.00087
              ],
              "mask": [
                1.0,
                1.0,
                1.0,
                1.0,
                1.0,
                1.0,
                1.0,
                1.0,
                1.0,
                1.0
              ],
              "reasons": [
                "always_after_warmup"
              ],
              "intervened": true,
              "resonance_time_ms": 0.5507,
              "visual_topk": 2
            },
            {
              "step": 5,
              "token_ids": [
                151645,
                198,
                271,
                374,
                13,
                220,
                702,
                11,
                320,
                785
              ],
              "raw_scores": [
                4.222803,
                1.98614,
                1.857694,
                1.836787,
                1.749294,
                1.774154,
                1.401076,
                1.670248,
                1.625769,
                1.33692
              ],
              "rel_scores": [
                0.997031,
                0.00013,
                7.8e-05,
                7.1e-05,
                5e-05,
                5.6e-05,
                1.2e-05,
                3.7e-05,
                3.1e-05,
                1e-05
              ],
              "mask": [
                1.0,
                1.0,
                1.0,
                1.0,
                0.0,
                1.0,
                1.0,
                0.0,
                1.0,
                0.0
              ],
              "reasons": [
                "always_after_warmup"
              ],
              "intervened": true,
              "resonance_time_ms": 0.2639,
              "visual_topk": 2
            }
          ]
        },
        {
          "sample_index": 157,
          "ground_truth": {
            "answer": "A"
          },
          "base_preview": "A",
          "bra_preview": "A. same",
          "audit": [
            {
              "step": 4,
              "token_ids": [
                151645,
                271,
                198,
                151643,
                220,
                25521,
                1406,
                151668,
                144247,
                13
              ],
              "raw_scores": [
                3.042497,
                1.772726,
                2.125266,
                1.28186,
                1.593876,
                0.738755,
                1.103065,
                2.092808,
                0.700658,
                1.403059
              ],
              "rel_scores": [
                0.852558,
                0.005308,
                0.021744,
                0.000745,
                0.002595,
                8.5e-05,
                0.000364,
                0.019096,
                7.3e-05,
                0.00121
              ],
              "mask": [
                1.0,
                1.0,
                1.0,
                1.0,
                1.0,
                1.0,
                1.0,
                1.0,
                1.0,
                0.0
              ],