{
  "qwen3vl2b": [
    {
      "dataset": "mmbench",
      "n_samples": 300,
      "baseline": {
        "accuracy": 0.81,
        "agl": 2.0366666666666666,
        "itl_ms_per_token": 29.148172080516815,
        "tokens_per_second": 34.30746865490131
      },
      "bra": {
        "accuracy": 0.81,
        "avg_candidate_window": 0.3333333333333333,
        "avg_visual_topk": 0.013333333333333334,
        "avg_resonance_time_ms": 0.022241823685665924,
        "intervention_rate": 0.006666666666666667,
        "agl": 2.03,
        "itl_ms_per_token": 28.510146379470825,
        "tokens_per_second": 35.075232048617806
      },
      "bra_method": "bra_zero",
      "sample_count": 300,
      "model_family": "qwen3_vl",
      "notes": [],
      "sample_audits": [
        {
          "sample_index": 2,
          "ground_truth": {
            "answer": "A"
          },
          "base_preview": "A. the temperature of the soda",
          "bra_preview": "A. the temperature of the soda",
          "audit": [
            {
              "step": 4,
              "token_ids": [
                9315,
                2730,
                13340,
                1372,
                82953,
                34558,
                104273,
                1562,
                6797,
                220
              ],
              "raw_scores": [
                0.458388,
                0.243195,
                0.281943,
                0.811488,
                0.201596,
                0.214381,
                0.321086,
                0.245404,
                0.315131,
                1.417545
              ],
              "rel_scores": [
                0.000136,
                5.7e-05,
                6.7e-05,
                0.000558,
                4.9e-05,
                5.1e-05,
                7.8e-05,
                5.8e-05,
                7.7e-05,
                0.006298
              ],
              "mask": [
                1.0,
                1.0,
                1.0,
                1.0,
                1.0,
                1.0,
                1.0,
                1.0,
                1.0,
                1.0
              ],
              "reasons": [
                "always_after_warmup"
              ],
              "intervened": true,
              "resonance_time_ms": 29.9021,
              "visual_topk": 2
            },
            {
              "step": 5,
              "token_ids": [
                315,
                1055,
                220,
                3575,
                279,
                297,
                4940,
                271,
                11,
                198
              ],
              "raw_scores": [
                3.006892,
                1.437632,
                1.417545,
                1.517818,
                1.632896,
                0.945235,
                1.31904,
                2.545564,
                2.080084,
                2.418054
              ],
              "rel_scores": [
                0.677787,
                0.001274,
                0.001175,
                0.001755,
                0.002781,
                0.000178,
                0.000792,
                0.107074,
                0.016637,
                0.064295
              ],
              "mask": [
                1.0,
                1.0,
                1.0,
                1.0,
                1.0,
                1.0,
                1.0,
                1.0,
                1.0,
                1.0
              ],
              "reasons": [
                "always_after_warmup"
              ],
              "intervened": true,
              "resonance_time_ms": 0.2776,
              "visual_topk": 2
            },
            {
              "step": 6,
              "token_ids": [
                279,
                38862,
                1782,
                220,
                23952,
                270,
                264,
                198,
                10603,
                271
              ],
              "raw_scores": [
                1.632896,
                1.861944,
                0.990045,
                1.417545,
                1.251478,
                0.826663,
                2.038828,
                2.418054,
                0.775173,
                2.545564
              ],
              "rel_scores": [
                0.003003,
                0.007507,
                0.00023,
                0.001269,
                0.000653,
                0.000119,
                0.015232,
                0.069428,
                9.7e-05,
                0.115623
              ],
              "mask": [
                1.0,
                1.0,
                1.0,
                1.0,
                1.0,
                1.0,
                1.0,
                1.0,
                1.0,
                1.0
              ],
              "reasons": [
                "always_after_warmup"
              ],
              "intervened": true,
              "resonance_time_ms": 0.2471,
              "visual_topk": 2
            },
            {
              "step": 7,
              "token_ids": [
                38862,
                23952,
                96072,
                279,
                220,
                9255,
                151643,
                271,
                15243,
                38595
              ],
              "raw_scores": [
                1.861944,
                1.251478,
                1.214187,
                1.632896,
                1.417545,
                1.569112,
                1.206789,
                2.545564,
                1.136713,
                1.290204
              ],
              "rel_scores": [
                0.031242,
                0.002718,
                0.002341,
                0.012498,
                0.005281,
                0.009684,
                0.002273,
                0.48118,
                0.001717,
                0.003173
              ],
              "mask": [
                1.0,
                1.0,
                1.0,
                1.0,
                1.0,
                1.0,
                1.0,
                1.0,
                1.0,
                1.0
              ],
              "reasons": [
                "always_after_warmup"
              ],
              "intervened": true,
              "resonance_time_ms": 0.2437,
              "visual_topk": 2
            },
            {
              "step": 8,
              "token_ids": [
                151645,
                198,
                271,
                13,
                220,
                785,
                374,
                25521,
                144247,
                320
              ],
              "raw_scores": [
                2.691803,
                2.418054,
                2.545564,
                1.519374,
                1.417545,
                1.179823,
                1.799222,
                0.714684,
                0.505535,
                1.530619
              ],
              "rel_scores": [
                0.401035,
                0.134163,
                0.223429,
                0.003685,
                0.002452,
                0.000948,
                0.011288,
                0.000147,
                6.4e-05,
                0.003855
              ],
              "mask": [
                1.0,
                1.0,
                1.0,
                1.0,
                1.0,
                1.0,
                1.0,
                1.0,
                1.0,
                1.0
              ],
              "reasons": [
                "always_after_warmup"
              ],
              "intervened": true,
              "resonance_time_ms": 0.2456,
              "visual_topk": 2
            }
          ]
        },
        {
          "sample_index": 104,
          "ground_truth": {
            "answer": "A"
          },