{
  "qwen3vl2b": [
    {
      "dataset": "mmmu",
      "n_samples": 30,
      "baseline": {
        "accuracy": 0.2,
        "agl": 2.2666666666666666,
        "itl_ms_per_token": 52.26700835757786,
        "tokens_per_second": 19.13252798320944
      },
      "bra": {
        "accuracy": 0.23333333333333334,
        "avg_candidate_window": 5.0,
        "avg_visual_topk": 0.7333333333333333,
        "avg_resonance_time_ms": 0.5685241479012701,
        "intervention_rate": 0.1,
        "agl": 2.533333333333333,
        "itl_ms_per_token": 44.24963240270261,
        "tokens_per_second": 22.59905779327838
      },
      "bra_method": "bra_zero",
      "sample_count": 30,
      "model_family": "qwen3_vl",
      "notes": [],
      "sample_audits": [
        {
          "sample_index": 2,
          "ground_truth": {
            "answer": "C"
          },
          "base_preview": "H. Stern",
          "bra_preview": "H. Stern",
          "audit": [
            {
              "step": 4,
              "token_ids": [
                151645,
                11,
                13,
                198,
                320,
                271,
                82,
                220,
                71,
                26
              ],
              "raw_scores": [
                3.664556,
                2.0636,
                1.972276,
                2.661268,
                1.621126,
                2.330578,
                1.032998,
                1.492326,
                1.14027,
                1.77446
              ],
              "rel_scores": [
                0.917613,
                0.001519,
                0.001054,
                0.016587,
                0.000259,
                0.004419,
                2.5e-05,
                0.000155,
                3.8e-05,
                0.000478
              ],
              "mask": [
                1.0,
                1.0,
                1.0,
                1.0,
                1.0,
                1.0,
                1.0,
                1.0,
                1.0,
                1.0
              ],
              "reasons": [
                "always_after_warmup"
              ],
              "intervened": true,
              "resonance_time_ms": 15.7862,
              "visual_topk": 8
            }
          ]
        },
        {
          "sample_index": 12,
          "ground_truth": {
            "answer": "A"
          },
          "base_preview": "Renaissance",
          "bra_preview": "Renaissance",
          "audit": [
            {
              "step": 4,
              "token_ids": [
                151645,
                1947,
                13,
                271,
                5166,
                11,
                198,
                220,
                9286,
                18824
              ],
              "raw_scores": [
                3.379588,
                1.281811,
                1.49821,
                2.161699,
                1.29982,
                1.920505,
                2.387828,
                1.460362,
                1.251139,
                1.680333
              ],
              "rel_scores": [
                0.884548,
                0.000201,
                0.000477,
                0.006777,
                0.000216,
                0.002582,
                0.016744,
                0.00041,
                0.000178,
                0.000988
              ],
              "mask": [
                1.0,
                1.0,
                1.0,
                1.0,
                1.0,
                1.0,
                1.0,
                1.0,
                1.0,
                1.0
              ],
              "reasons": [
                "always_after_warmup"
              ],
              "intervened": true,
              "resonance_time_ms": 0.5128,
              "visual_topk": 4
            }
          ]
        },
        {
          "sample_index": 13,
          "ground_truth": {
            "answer": "C"
          },
          "base_preview": "A",
          "bra_preview": "B. H. L. M.",
          "audit": [
            {
              "step": 4,
              "token_ids": [
                13,
                4747,
                3885,
                360,
                768,
                2450,
                7464,
                16900,
                864,
                959
              ],
              "raw_scores": [
                1.572168,
                0.460327,
                0.58547,
                0.7155,
                0.652697,
                0.550247,
                0.374843,
                0.684218,
                0.574108,
                0.50594
              ],
              "rel_scores": [
                0.076173,
                0.000892,
                0.001471,
                0.002475,
                0.001925,
                0.001278,
                0.000634,
                0.002184,
                0.001406,
                0.00107
              ],
              "mask": [
                1.0,
                1.0,
                1.0,
                1.0,
                1.0,
                1.0,
                1.0,
                1.0,
                1.0,
                1.0
              ],
              "reasons": [
                "always_after_warmup"
              ],
              "intervened": true,
              "resonance_time_ms": 0.6698,
              "visual_topk": 10
            },
            {
              "step": 5,
              "token_ids": [
                444,
                422,
                472,
                350,
                425,
                11351,
                393,
                74143,
                30148,
                434
              ],
              "raw_scores": [
                1.139324,
                1.19778,
                1.153684,
                1.117477,
                1.006822,
                0.78696,
                1.123816,
                0.510985,
                0.695215,
                1.299344
              ],
              "rel_scores": [
                0.034371,
                0.043425,
                0.036403,
                0.031495,
                0.020231,
                0.008396,
                0.032303,
                0.002784,
                0.005817,
                0.065188
              ],
              "mask": [
                1.0,
                1.0,
                1.0,
                1.0,
                1.0,
                1.0,
                1.0,
                1.0,
                1.0,
                1.0
              ],
              "reasons": [
                "always_after_warmup"
              ],
              "intervened": true,
              "resonance_time_ms": 0.3737,
              "visual_topk": 10
            },
            {
              "step": 6,
              "token_ids": [
                13,
                1772,
                74964,
                1571,
                823,
                21848,
                2757,
                6237,
                10521,
                67527
              ],
              "raw_scores": [
                1.572168,
                0.262229,
                0.311775,
                0.766843,
                0.704124,
                0.699311,
                0.494461,
                0.622186,
                0.620692,
                0.398648
              ],
              "rel_scores": [
                0.422269,
                0.002239,
                0.002729,
                0.01685,
                0.013111,
                0.012861,
                0.005668,
                0.009447,
                0.009391,
                0.003863
              ],