{
  "qwen3vl2b": [
    {
      "dataset": "mmmu",
      "n_samples": 30,
      "baseline": {
        "accuracy": 0.23333333333333334,
        "agl": 2.5,
        "itl_ms_per_token": 41.03294147385491,
        "tokens_per_second": 24.37066327884812
      },
      "bra": {
        "accuracy": 0.26666666666666666,
        "avg_candidate_window": 6.666666666666667,
        "avg_visual_topk": 0.9333333333333333,
        "avg_resonance_time_ms": 0.572481844574213,
        "intervention_rate": 0.13333333333333333,
        "agl": 2.566666666666667,
        "itl_ms_per_token": 31.126895436534177,
        "tokens_per_second": 32.126557627275695
      },
      "bra_method": "bra_zero",
      "sample_count": 30,
      "model_family": "qwen3_vl",
      "notes": [],
      "sample_audits": [
        {
          "sample_index": 0,
          "ground_truth": {
            "answer": "C"
          },
          "base_preview": "Cimmon",
          "bra_preview": "Cimone",
          "audit": [
            {
              "step": 4,
              "token_ids": [
                151645,
                11,
                71,
                374,
                198,
                320,
                64,
                315,
                13,
                88
              ],
              "raw_scores": [
                3.490521,
                1.787341,
                0.936607,
                2.314529,
                2.533252,
                1.602842,
                1.392962,
                2.64291,
                1.753362,
                0.99415
              ],
              "rel_scores": [
                0.870559,
                0.000957,
                3.2e-05,
                0.007887,
                0.018917,
                0.000458,
                0.000198,
                0.029332,
                0.000836,
                4e-05
              ],
              "mask": [
                1.0,
                0.0,
                1.0,
                1.0,
                1.0,
                1.0,
                0.0,
                1.0,
                0.0,
                1.0
              ],
              "reasons": [
                "always_after_warmup"
              ],
              "intervened": true,
              "resonance_time_ms": 16.1173,
              "visual_topk": 6
            }
          ]
        },
        {
          "sample_index": 2,
          "ground_truth": {
            "answer": "C"
          },
          "base_preview": "H. Stern",
          "bra_preview": "H. Stern",
          "audit": [
            {
              "step": 4,
              "token_ids": [
                151645,
                11,
                13,
                198,
                320,
                271,
                82,
                220,
                71,
                26
              ],
              "raw_scores": [
                3.664556,
                2.0636,
                1.972276,
                2.661268,
                1.621126,
                2.330578,
                1.032998,
                1.492326,
                1.14027,
                1.77446
              ],
              "rel_scores": [
                0.917613,
                0.001519,
                0.001054,
                0.016587,
                0.000259,
                0.004419,
                2.5e-05,
                0.000155,
                3.8e-05,
                0.000478
              ],
              "mask": [
                1.0,
                0.0,
                0.0,
                1.0,
                1.0,
                1.0,
                1.0,
                1.0,
                1.0,
                0.0
              ],
              "reasons": [
                "always_after_warmup"
              ],
              "intervened": true,
              "resonance_time_ms": 0.3829,
              "visual_topk": 8
            }
          ]
        },
        {
          "sample_index": 12,
          "ground_truth": {
            "answer": "A"
          },
          "base_preview": "Renaissance",
          "bra_preview": "Renaissance",
          "audit": [
            {
              "step": 4,
              "token_ids": [
                151645,
                1947,
                13,
                271,
                5166,
                11,
                198,
                220,
                9286,
                18824
              ],
              "raw_scores": [
                3.379588,
                1.281811,
                1.49821,
                2.161699,
                1.29982,
                1.920505,
                2.387828,
                1.460362,
                1.251139,
                1.680333
              ],
              "rel_scores": [
                0.884548,
                0.000201,
                0.000477,
                0.006777,
                0.000216,
                0.002582,
                0.016744,
                0.00041,
                0.000178,
                0.000988
              ],
              "mask": [
                1.0,
                1.0,
                0.0,
                1.0,
                1.0,
                0.0,
                1.0,
                1.0,
                1.0,
                1.0
              ],
              "reasons": [
                "always_after_warmup"
              ],
              "intervened": true,
              "resonance_time_ms": 0.3791,
              "visual_topk": 4
            }
          ]
        },
        {
          "sample_index": 13,
          "ground_truth": {
            "answer": "C"
          },
          "base_preview": "C. E. M. Wilson",
          "bra_preview": "C. H. R. H.",
          "audit": [
            {
              "step": 4,
              "token_ids": [
                13,
                959,
                79434,
                360,
                2572,
                4747,
                546,
                624,
                496,
                858
              ],
              "raw_scores": [
                1.572168,
                0.50594,
                0.455661,
                0.7155,
                0.919622,
                0.460327,
                0.756044,
                1.99808,
                0.857257,
                0.322442
              ],
              "rel_scores": [
                0.075193,
                0.001057,
                0.000864,
                0.002443,
                0.005528,
                0.00088,
                0.002874,
                0.413105,
                0.004308,
                0.000507
              ],
              "mask": [
                0.0,
                1.0,
                1.0,
                1.0,
                0.0,
                1.0,
                0.0,
                1.0,
                0.0,
                1.0
              ],
              "reasons": [
                "always_after_warmup"
              ],
              "intervened": true,
              "resonance_time_ms": 0.4565,
              "visual_topk": 10
            },
            {
              "step": 5,
              "token_ids": [
                467,
                328,
                422,
                431,
                356,
                386,
                472,
                393,
                425,
                350
              ],
              "raw_scores": [
                1.13918,
                1.093522,
                1.19778,
                1.066414,
                1.063491,
                1.12029,
                1.153684,
                1.123816,
                1.006822,
                1.117477
              ],