{
  "dataset": "pope",
  "pope_split": "random",
  "method": "bra_meanpool",
  "model": "qwen3-vl-2b",
  "model_family": "qwen3vl",
  "n_samples": 2,
  "sample_count": 2,
  "n_errors": 0,
  "accuracy": 1.0,
  "precision": 1.0,
  "recall": 1.0,
  "f1": 1.0,
  "agl": 101.0,
  "itl_ms_per_token": 22.39,
  "tokens_per_second": 44.656,
  "peak_vram_gb": 4.329,
  "timestamp": "2026-03-22T00:06:50.029601",
  "errors": [],
  "avg_candidate_window": 50.0,
  "avg_visual_topk": 3.0,
  "avg_resonance_time_ms": 0.5599,
  "intervention_rate": 1.0,
  "notes": [
    "high_trigger_rate"
  ],
  "sample_audits": [
    {
      "sample_index": 0,
      "prediction": "yes",
      "label": "yes",
      "text_preview": "Based on the image provided, there is a person on a snowboard.\n\n- The individual is wearing a red jacket and dark pants.\n- They are positioned on a snow-covered",
      "audit": [
        {
          "step": 4,
          "token_ids": [
            2168,
            9124,
            3897,
            6358,
            5335,
            3565,
            4008,
            11682,
            4024,
            1995
          ],
          "raw_scores": [
            -0.227021,
            -0.129009,
            -0.164446,
            -0.474612,
            -0.244301,
            -0.140968,
            -0.378237,
            -0.110841,
            -0.243468,
            -0.420889
          ],
          "rel_scores": [
            0.011989,
            0.017744,
            0.015399,
            0.004453,
            0.011188,
            0.016915,
            0.006548,
            0.019081,
            0.011226,
            0.005521
          ],
          "mask": [
            1.0,
            1.0,
            1.0,
            1.0,
            1.0,
            1.0,
            1.0,
            1.0,
            1.0,
            1.0
          ],
          "reasons": [
            "always_after_warmup"
          ],
          "intervened": true,
          "resonance_time_ms": 61.0247,
          "visual_topk": 3
        },
        {
          "step": 5,
          "token_ids": [
            3897,
            11,
            498,
            323,
            4008,
            6358,
            7481,
            6839,
            315,
            10449
          ],
          "raw_scores": [
            -0.164446,
            0.855653,
            0.008558,
            0.874169,
            -0.378237,
            -0.474612,
            -0.048382,
            -0.063435,
            0.803034,
            -0.216065
          ],
          "rel_scores": [
            0.001256,
            0.074329,
            0.00251,
            0.080043,
            0.000534,
            0.000363,
            0.001998,
            0.001882,
            0.060221,
            0.001022
          ],
          "mask": [
            1.0,
            0.0,
            1.0,
            1.0,
            1.0,
            1.0,
            1.0,
            1.0,
            1.0,
            1.0
          ],
          "reasons": [
            "always_after_warmup"
          ],
          "intervened": true,
          "resonance_time_ms": 0.2186,
          "visual_topk": 3
        },
        {
          "step": 6,
          "token_ids": [
            11,
            1447,
            323,
            510,
            553,
            3554,
            382,
            315,
            25,
            304
          ],
          "raw_scores": [
            0.855653,
            0.741342,
            0.874169,
            0.581644,
            0.362067,
            0.466974,
            0.941827,
            0.803034,
            0.763094,
            0.76836
          ],
          "rel_scores": [
            0.055768,
            0.035302,
            0.060055,
            0.018637,
            0.007744,
            0.011781,
            0.07872,
            0.045183,
            0.038512,
            0.039332
          ],
          "mask": [
            0.0,
            0.0,
            1.0,
            0.0,
            1.0,
            0.0,
            0.0,
            1.0,
            0.0,
            1.0
          ],
          "reasons": [
            "always_after_warmup"
          ],
          "intervened": true,
          "resonance_time_ms": 0.1974,
          "visual_topk": 3
        },
        {
          "step": 7,
          "token_ids": [
            1052,
            9834,
            279,
            582,
            358,
            1588,
            1077,
            3070,
            432,
            264
          ],
          "raw_scores": [
            -0.024442,
            -0.092847,
            0.55652,
            0.025685,
            0.308169,
            0.160924,
            -0.099387,
            0.507594,
            0.189921,
            0.634172
          ],
          "rel_scores": [
            0.004775,
            0.003632,
            0.04878,
            0.005836,
            0.018064,
            0.010024,
            0.003538,
            0.04011,
            0.011256,
            0.066548
          ],
          "mask": [
            1.0,
            1.0,
            1.0,
            1.0,
            1.0,
            1.0,
            1.0,
            1.0,
            1.0,
            1.0
          ],
          "reasons": [
            "always_after_warmup"
          ],
          "intervened": true,
          "resonance_time_ms": 0.1908,
          "visual_topk": 3
        },
        {
          "step": 8,
          "token_ids": [
            374,
            3070,
            525,
            7952,
            353,
            1558,
            9834,
            12824,
            646,
            4994
          ],
          "raw_scores": [
            0.549885,
            0.507594,
            0.289197,
            0.006612,
            0.599999,
            0.087483,
            -0.092847,
            -0.123458,
            0.151376,
            -0.044759
          ],
          "rel_scores": [
            0.049079,
            0.04144,
            0.017299,
            0.005586,
            0.059972,
            0.00772,
            0.003753,
            0.00332,
            0.009968,
            0.004549
          ],
          "mask": [
            1.0,
            1.0,
            1.0,
            1.0,
            1.0,
            1.0,
            1.0,
            1.0,
            1.0,
            1.0
          ],
          "reasons": [
            "always_after_warmup"
          ],
          "intervened": true,
          "resonance_time_ms": 0.1949,
          "visual_topk": 3
        }
      ]
    },
    {
      "sample_index": 1,
      "prediction": "no",
      "label": "no",
      "text_preview": "Based on a careful examination of the image provided, there is no car visible.\n\nThe image shows a person on a snowboard, descending a snowy slope. The scene is ",
      "audit": [
        {
          "step": 4,
          "token_ids": [
            16585,
            17423,
            11682,
            3395,
            3265,
            15817,
            9124,
            4583,
            2480,
            95178
          ],
          "raw_scores": [
            -0.082422,
            -0.048017,
            -0.110841,
            -0.541491,
            0.079349,
            -0.166427,
            -0.129009,
            -0.129807,
            0.036436,
            -0.218868
          ],
          "rel_scores": [
            0.018635,
            0.021384,
            0.016633,
            0.002971,
            0.035592,
            0.013317,
            0.015467,
            0.015418,
            0.029978,
            0.010797
          ],
          "mask": [
            1.0,
            1.0,
            1.0,
            1.0,
            1.0,
            1.0,
            1.0,
            1.0,
            1.0,
            1.0
          ],
          "reasons": [
            "always_after_warmup"
          ],
          "intervened": true,