{
  "dataset": "pope",
  "pope_split": "random",
  "method": "bra_zero",
  "model": "qwen3-vl-2b",
  "n_samples": 1,
  "n_errors": 0,
  "accuracy": 1.0,
  "precision": 1.0,
  "recall": 1.0,
  "f1": 1.0,
  "agl": 87.0,
  "itl_ms_per_token": 27.57,
  "peak_vram_gb": 4.329,
  "timestamp": "2026-03-21T23:42:30.550625",
  "errors": [],
  "avg_candidate_window": 50.0,
  "avg_visual_topk": 3.0,
  "avg_resonance_time_ms": 1.0014,
  "intervention_rate": 1.0,
  "sample_audits": [
    {
      "sample_index": 0,
      "prediction": "yes",
      "label": "yes",
      "text_preview": "Based on the image provided, there is a person on a snowboard.\n\n- The individual is wearing a red jacket and dark pants.\n- They are positioned on a snow-covered",
      "audit": [
        {
          "step": 4,
          "token_ids": [
            2168,
            9124,
            3897,
            6358,
            5335,
            3565,
            4008,
            11682,
            4024,
            1995
          ],
          "raw_scores": [
            1.471025,
            0.85952,
            0.695675,
            0.465361,
            1.529977,
            0.754888,
            0.43405,
            0.733438,
            0.465514,
            0.505187
          ],
          "rel_scores": [
            0.093781,
            0.008125,
            0.004219,
            0.001679,
            0.11872,
            0.005346,
            0.001482,
            0.004907,
            0.00168,
            0.001969
          ],
          "mask": [
            1.0,
            1.0,
            1.0,
            1.0,
            1.0,
            1.0,
            1.0,
            1.0,
            1.0,
            1.0
          ],
          "reasons": [
            "always_after_warmup"
          ],
          "intervened": true,
          "resonance_time_ms": 62.335,
          "visual_topk": 3
        },
        {
          "step": 5,
          "token_ids": [
            3897,
            11,
            498,
            323,
            4008,
            6358,
            7481,
            6839,
            315,
            10449
          ],
          "raw_scores": [
            0.695675,
            1.567708,
            1.04033,
            2.303716,
            0.43405,
            0.465361,
            0.48842,
            0.644123,
            2.572081,
            0.61825
          ],
          "rel_scores": [
            0.00019,
            0.006204,
            0.000753,
            0.117833,
            6.7e-05,
            7.5e-05,
            8.3e-05,
            0.000154,
            0.34472,
            0.000139
          ],
          "mask": [
            1.0,
            0.0,
            1.0,
            1.0,
            1.0,
            1.0,
            1.0,
            1.0,
            1.0,
            1.0
          ],
          "reasons": [
            "always_after_warmup"
          ],
          "intervened": true,
          "resonance_time_ms": 0.2787,
          "visual_topk": 3
        },
        {
          "step": 6,
          "token_ids": [
            11,
            1447,
            323,
            510,
            553,
            3554,
            382,
            315,
            25,
            304
          ],
          "raw_scores": [
            1.567708,
            1.380871,
            2.303716,
            1.504938,
            1.012412,
            1.171799,
            1.815092,
            2.572081,
            1.613005,
            2.052395
          ],
          "rel_scores": [
            0.005132,
            0.00243,
            0.097459,
            0.003992,
            0.000557,
            0.001053,
            0.013804,
            0.285116,
            0.006151,
            0.035664
          ],
          "mask": [
            0.0,
            0.0,
            1.0,
            0.0,
            1.0,
            0.0,
            0.0,
            1.0,
            0.0,
            1.0
          ],
          "reasons": [
            "always_after_warmup"
          ],
          "intervened": true,
          "resonance_time_ms": 0.253,
          "visual_topk": 3
        },
        {
          "step": 7,
          "token_ids": [
            1052,
            9834,
            279,
            582,
            358,
            1588,
            1077,
            3070,
            432,
            264
          ],
          "raw_scores": [
            0.891582,
            0.600763,
            1.675505,
            0.803071,
            0.830076,
            0.754483,
            0.588079,
            1.088075,
            0.986493,
            2.279212
          ],
          "rel_scores": [
            0.001287,
            0.000402,
            0.029609,
            0.000903,
            0.001006,
            0.000744,
            0.000382,
            0.002825,
            0.001881,
            0.331259
          ],
          "mask": [
            1.0,
            1.0,
            1.0,
            1.0,
            1.0,
            1.0,
            1.0,
            1.0,
            1.0,
            1.0
          ],
          "reasons": [
            "always_after_warmup"
          ],
          "intervened": true,
          "resonance_time_ms": 0.2522,
          "visual_topk": 3
        },
        {
          "step": 8,
          "token_ids": [
            374,
            3070,
            525,
            7952,
            353,
            1558,
            9834,
            12824,
            646,
            4994
          ],
          "raw_scores": [
            1.32625,
            1.088075,
            1.253052,
            0.787724,
            1.295069,
            0.804663,
            0.600763,
            0.478068,
            1.022177,
            0.72625
          ],
          "rel_scores": [
            0.053735,
            0.020726,
            0.040096,
            0.006234,
            0.047434,
            0.006671,
            0.002951,
            0.001806,
            0.015923,
            0.004875
          ],
          "mask": [
            1.0,
            1.0,
            1.0,
            1.0,
            1.0,
            1.0,
            1.0,
            1.0,
            1.0,
            1.0
          ],
          "reasons": [
            "always_after_warmup"
          ],
          "intervened": true,
          "resonance_time_ms": 0.253,
          "visual_topk": 3
        }
      ]
    }
  ]
}