{
  "qwen3vl2b": [
    {
      "dataset": "freak",
      "n_samples": 2,
      "baseline": {
        "accuracy": 0.0,
        "agl": 6.5,
        "itl_ms_per_token": 110.83562672138214,
        "tokens_per_second": 9.022369698091692
      },
      "bra": {
        "accuracy": 0.0,
        "avg_candidate_window": 50.0,
        "avg_visual_topk": 11.0,
        "avg_resonance_time_ms": 8.139288704842329,
        "intervention_rate": 1.0,
        "agl": 6.5,
        "itl_ms_per_token": 30.548390746116638,
        "tokens_per_second": 32.734948570969216
      },
      "bra_method": "bra_zero",
      "sample_count": 2,
      "model_family": "qwen3_vl",
      "notes": [
        "high_trigger_rate"
      ],
      "sample_audits": [
        {
          "sample_index": 0,
          "ground_truth": {
            "answer": "A",
            "answer_letter": "A",
            "answer_text": "F.",
            "task_type": "letter_or_text",
            "subset": "mcq",
            "item": "Keyboard"
          },
          "base_preview": "C. A.",
          "bra_preview": "C. A.",
          "audit": [
            {
              "step": 4,
              "token_ids": [
                13,
                382,
                151645,
                624,
                496,
                11568,
                58883,
                4192,
                4908,
                59152
              ],
              "raw_scores": [
                1.638625,
                1.773348,
                2.873002,
                1.799651,
                1.049393,
                0.917254,
                1.047215,
                1.112767,
                1.157268,
                0.668303
              ],
              "rel_scores": [
                0.00675,
                0.011569,
                0.941039,
                0.012853,
                0.000639,
                0.000377,
                0.000634,
                0.000824,
                0.000984,
                0.000139
              ],
              "mask": [
                1.0,
                1.0,
                1.0,
                1.0,
                1.0,
                1.0,
                1.0,
                1.0,
                1.0,
                1.0
              ],
              "reasons": [
                "always_after_warmup"
              ],
              "intervened": true,
              "resonance_time_ms": 31.6364,
              "visual_topk": 11
            },
            {
              "step": 5,
              "token_ids": [
                151645,
                220,
                576,
                1096,
                320,
                25521,
                144247,
                151668,
                4421,
                151643
              ],
              "raw_scores": [
                2.873002,
                1.527048,
                1.694575,
                1.812315,
                1.768703,
                0.838081,
                0.565481,
                1.418992,
                0.901331,
                1.496105
              ],
              "rel_scores": [
                0.34881,
                0.001601,
                0.003129,
                0.005012,
                0.004209,
                0.000102,
                3.4e-05,
                0.001039,
                0.000131,
                0.001415
              ],
              "mask": [
                1.0,
                1.0,
                1.0,
                1.0,
                1.0,
                1.0,
                1.0,
                1.0,
                1.0,
                1.0
              ],
              "reasons": [
                "always_after_warmup"
              ],
              "intervened": true,
              "resonance_time_ms": 0.2729,
              "visual_topk": 11
            }
          ]
        },
        {
          "sample_index": 1,
          "ground_truth": {
            "answer": "A",
            "answer_letter": "A",
            "answer_text": "No, the side of the binder clip in contact with the paper is damaged and no longer visible in the image.",
            "task_type": "letter_or_text",
            "subset": "mcq",
            "item": "Binder clip"
          },
          "base_preview": "B. Yes, fully intact.",
          "bra_preview": "B. Yes, fully intact.",
          "audit": [
            {
              "step": 4,
              "token_ids": [
                11,
                3837,
                13,
                68785,
                1154,
                26,
                220,
                345,
                151645,
                198
              ],
              "raw_scores": [
                1.638184,
                2.146021,
                1.482364,
                1.431613,
                0.695207,
                1.772519,
                1.737938,
                1.10325,
                3.037366,
                2.292761
              ],
              "rel_scores": [
                0.003121,
                0.023793,
                0.001673,
                0.001366,
                7.2e-05,
                0.005341,
                0.004651,
                0.000367,
                0.841161,
                0.042792
              ],
              "mask": [
                1.0,
                1.0,
                1.0,
                1.0,
                1.0,
                1.0,
                1.0,
                1.0,
                1.0,
                1.0
              ],
              "reasons": [
                "always_after_warmup"
              ],
              "intervened": true,
              "resonance_time_ms": 0.3197,
              "visual_topk": 11
            },
            {
              "step": 5,
              "token_ids": [
                7225,
                3641,
                6587,
                48156,
                12473,
                13942,
                31520,
                11368,
                2480,
                279
              ],
              "raw_scores": [
                0.80247,
                0.730354,
                0.771328,
                0.466943,
                0.465224,
                0.875998,
                0.871708,
                0.720788,
                0.75594,
                1.757316
              ],
              "rel_scores": [
                0.003739,
                0.002802,
                0.003301,
                0.000977,
                0.00097,
                0.005017,
                0.004932,
                0.002697,
                0.003104,
                0.170398
              ],
              "mask": [
                1.0,
                1.0,
                1.0,
                1.0,
                1.0,
                1.0,
                1.0,
                1.0,
                1.0,
                1.0
              ],
              "reasons": [
                "always_after_warmup"
              ],
              "intervened": true,
              "resonance_time_ms": 0.2605,
              "visual_topk": 11
            },
            {
              "step": 6,
              "token_ids": [
                34439,
                526,
                5388,
                1333,
                151643,
                18250,
                220,
                10602,
                198,
                271
              ],
              "raw_scores": [
                0.713991,
                0.643886,
                0.340025,
                0.662172,
                1.5022,
                0.795916,
                1.737938,
                0.595318,
                2.292761,
                2.122177
              ],