{
  "qwen3vl2b": [
    {
      "dataset": "freak",
      "n_samples": 2,
      "baseline": {
        "accuracy": 0.0,
        "agl": 6.5,
        "itl_ms_per_token": 108.99828672409058,
        "tokens_per_second": 9.174456131877733
      },
      "bra": {
        "accuracy": 0.0,
        "avg_candidate_window": 50.0,
        "avg_visual_topk": 11.0,
        "avg_resonance_time_ms": 8.386692870408297,
        "intervention_rate": 1.0,
        "agl": 6.5,
        "itl_ms_per_token": 30.104729533195496,
        "tokens_per_second": 33.217372004532805
      },
      "bra_method": "ablation_meanpool",
      "sample_count": 2,
      "model_family": "qwen3_vl",
      "notes": [
        "high_trigger_rate"
      ],
      "sample_audits": [
        {
          "sample_index": 0,
          "ground_truth": {
            "answer": "A",
            "answer_letter": "A",
            "answer_text": "F.",
            "task_type": "letter_or_text",
            "subset": "mcq",
            "item": "Keyboard"
          },
          "base_preview": "C. A.",
          "bra_preview": "C. A.",
          "audit": [
            {
              "step": 4,
              "token_ids": [
                13,
                382,
                151645,
                624,
                496,
                11568,
                58883,
                4192,
                4908,
                59152
              ],
              "raw_scores": [
                0.886558,
                0.955639,
                0.678249,
                0.916117,
                0.339245,
                0.059703,
                0.210614,
                0.320194,
                0.141844,
                -0.213775
              ],
              "rel_scores": [
                0.173082,
                0.22817,
                0.075229,
                0.194806,
                0.019385,
                0.006337,
                0.011588,
                0.017963,
                0.008801,
                0.002122
              ],
              "mask": [
                0.0,
                0.0,
                0.0,
                0.0,
                0.0,
                0.0,
                0.0,
                0.0,
                0.0,
                0.0
              ],
              "reasons": [
                "always_after_warmup"
              ],
              "intervened": true,
              "resonance_time_ms": 32.9179,
              "visual_topk": 11
            },
            {
              "step": 5,
              "token_ids": [
                151645,
                220,
                576,
                1096,
                320,
                25521,
                144247,
                151668,
                4421,
                151643
              ],
              "raw_scores": [
                0.678249,
                0.88789,
                0.555692,
                0.348294,
                0.908908,
                0.015999,
                -0.216518,
                -0.367268,
                0.328946,
                0.689946
              ],
              "rel_scores": [
                0.032308,
                0.07473,
                0.019788,
                0.008632,
                0.081284,
                0.002285,
                0.000901,
                0.000493,
                0.007989,
                0.033855
              ],
              "mask": [
                0.0,
                1.0,
                1.0,
                1.0,
                1.0,
                1.0,
                0.0,
                0.0,
                0.0,
                0.0
              ],
              "reasons": [
                "always_after_warmup"
              ],
              "intervened": true,
              "resonance_time_ms": 0.2092,
              "visual_topk": 11
            }
          ]
        },
        {
          "sample_index": 1,
          "ground_truth": {
            "answer": "A",
            "answer_letter": "A",
            "answer_text": "No, the side of the binder clip in contact with the paper is damaged and no longer visible in the image.",
            "task_type": "letter_or_text",
            "subset": "mcq",
            "item": "Binder clip"
          },
          "base_preview": "B. Yes, fully intact.",
          "bra_preview": "B. Yes, fully intact.",
          "audit": [
            {
              "step": 4,
              "token_ids": [
                11,
                3837,
                13,
                68785,
                1154,
                26,
                220,
                345,
                151645,
                198
              ],
              "raw_scores": [
                0.970394,
                0.997416,
                0.741021,
                0.50467,
                0.102022,
                0.82123,
                0.749248,
                0.376389,
                0.402407,
                1.061514
              ],
              "rel_scores": [
                0.077739,
                0.086613,
                0.031058,
                0.012067,
                0.002411,
                0.042807,
                0.032097,
                0.007223,
                0.008016,
                0.111926
              ],
              "mask": [
                0.0,
                0.0,
                0.0,
                0.0,
                1.0,
                0.0,
                1.0,
                0.0,
                0.0,
                0.0
              ],
              "reasons": [
                "always_after_warmup"
              ],
              "intervened": true,
              "resonance_time_ms": 0.2625,
              "visual_topk": 11
            },
            {
              "step": 5,
              "token_ids": [
                7225,
                3641,
                6587,
                48156,
                12473,
                13942,
                31520,
                11368,
                2480,
                279
              ],
              "raw_scores": [
                -0.003409,
                0.019379,
                -0.04179,
                -0.334541,
                -0.294238,
                0.118101,
                -0.058188,
                -0.066096,
                -0.014981,
                0.578683
              ],
              "rel_scores": [
                0.006221,
                0.006815,
                0.005336,
                0.001654,
                0.001944,
                0.010115,
                0.004997,
                0.004841,
                0.00594,
                0.063837
              ],
              "mask": [
                1.0,
                0.0,
                1.0,
                1.0,
                1.0,
                1.0,
                1.0,
                1.0,
                1.0,
                1.0
              ],
              "reasons": [
                "always_after_warmup"
              ],
              "intervened": true,
              "resonance_time_ms": 0.2031,
              "visual_topk": 11
            },
            {
              "step": 6,
              "token_ids": [
                34439,
                526,
                5388,
                1333,
                151643,
                18250,
                220,
                10602,
                198,
                271
              ],
              "raw_scores": [
                0.022994,
                -0.074152,
                -0.356316,
                -0.162765,
                0.683187,
                -0.083712,
                0.749248,
                -0.160658,
                1.061514,
                1.086416
              ],