{
  "qwen3vl2b": [
    {
      "dataset": "mmmu",
      "n_samples": 30,
      "baseline": {
        "accuracy": 0.23333333333333334,
        "agl": 2.6,
        "itl_ms_per_token": 42.77624532028481,
        "tokens_per_second": 23.377460843338504
      },
      "bra": {
        "accuracy": 0.26666666666666666,
        "avg_candidate_window": 3.3333333333333335,
        "avg_visual_topk": 0.6,
        "avg_resonance_time_ms": 0.9997599370156726,
        "intervention_rate": 0.06666666666666667,
        "agl": 2.466666666666667,
        "itl_ms_per_token": 31.83634470379542,
        "tokens_per_second": 31.410641180825746
      },
      "bra_method": "bra_zero",
      "sample_count": 30,
      "model_family": "qwen3_vl",
      "notes": [],
      "sample_audits": [
        {
          "sample_index": 2,
          "ground_truth": {
            "answer": "C"
          },
          "base_preview": "H. Stern",
          "bra_preview": "H. Stern",
          "audit": [
            {
              "step": 4,
              "token_ids": [
                151645,
                11,
                13,
                198,
                320,
                271,
                82,
                220,
                71,
                26
              ],
              "raw_scores": [
                3.664556,
                2.0636,
                1.972276,
                2.661268,
                1.621126,
                2.330578,
                1.032998,
                1.492326,
                1.14027,
                1.77446
              ],
              "rel_scores": [
                0.917613,
                0.001519,
                0.001054,
                0.016587,
                0.000259,
                0.004419,
                2.5e-05,
                0.000155,
                3.8e-05,
                0.000478
              ],
              "mask": [
                1.0,
                0.0,
                0.0,
                1.0,
                1.0,
                1.0,
                1.0,
                1.0,
                1.0,
                0.0
              ],
              "reasons": [
                "always_after_warmup"
              ],
              "intervened": true,
              "resonance_time_ms": 29.5029,
              "visual_topk": 8
            }
          ]
        },
        {
          "sample_index": 29,
          "ground_truth": {
            "answer": "B"
          },
          "base_preview": "B.",
          "bra_preview": "G. B. P.",
          "audit": [
            {
              "step": 4,
              "token_ids": [
                13,
                65790,
                624,
                8759,
                509,
                46949,
                13983,
                4475,
                9802,
                3159
              ],
              "raw_scores": [
                1.391099,
                0.587905,
                1.767795,
                0.430658,
                0.629373,
                0.378446,
                0.429258,
                0.656434,
                0.412323,
                0.57465
              ],
              "rel_scores": [
                0.0639,
                0.002572,
                0.288331,
                0.001371,
                0.003036,
                0.001113,
                0.001363,
                0.003383,
                0.001274,
                0.002439
              ],
              "mask": [
                0.0,
                1.0,
                1.0,
                1.0,
                1.0,
                1.0,
                1.0,
                1.0,
                1.0,
                0.0
              ],
              "reasons": [
                "always_after_warmup"
              ],
              "intervened": true,
              "resonance_time_ms": 1.1962,
              "visual_topk": 10
            },
            {
              "step": 5,
              "token_ids": [
                393,
                356,
                328,
                451,
                386,
                444,
                409,
                8012,
                38493,
                647
              ],
              "raw_scores": [
                1.111694,
                1.002073,
                1.141219,
                1.022027,
                1.002238,
                1.089312,
                1.110389,
                0.66717,
                0.679001,
                1.143467
              ],
              "rel_scores": [
                0.029376,
                0.018948,
                0.033059,
                0.020523,
                0.018961,
                0.026861,
                0.029223,
                0.004963,
                0.005204,
                0.033358
              ],
              "mask": [
                1.0,
                1.0,
                1.0,
                1.0,
                1.0,
                1.0,
                1.0,
                1.0,
                1.0,
                1.0
              ],
              "reasons": [
                "always_after_warmup"
              ],
              "intervened": true,
              "resonance_time_ms": 0.2622,
              "visual_topk": 10
            },
            {
              "step": 6,
              "token_ids": [
                13,
                6712,
                89414,
                815,
                3955,
                8759,
                396,
                685,
                622,
                17569
              ],
              "raw_scores": [
                1.391099,
                0.501029,
                0.400811,
                0.682496,
                0.440858,
                0.430658,
                0.754995,
                0.618663,
                0.613438,
                0.371246
              ],
              "rel_scores": [
                0.133147,
                0.003785,
                0.002535,
                0.007823,
                0.002976,
                0.002857,
                0.010455,
                0.00606,
                0.005935,
                0.002253
              ],
              "mask": [
                0.0,
                1.0,
                1.0,
                1.0,
                1.0,
                1.0,
                1.0,
                1.0,
                1.0,
                1.0
              ],
              "reasons": [
                "always_after_warmup"
              ],
              "intervened": true,
              "resonance_time_ms": 0.2491,
              "visual_topk": 10
            },
            {
              "step": 7,
              "token_ids": [
                151645,
                386,
                356,
                422,
                328,
                409,
                393,
                425,
                479,
                444
              ],
              "raw_scores": [
                3.242046,
                1.002238,
                1.002073,
                1.15748,
                1.141219,
                1.110389,
                1.111694,
                1.077374,
                1.075737,
                1.089312
              ],
              "rel_scores": [
                0.991339,
                0.000127,
                0.000127,
                0.000237,
                0.000222,
                0.000196,
                0.000197,
                0.000172,
                0.000171,
                0.000181
              ],
              "mask": [
                1.0,
                1.0,
                1.0,
                1.0,
                1.0,
                1.0,
                1.0,
                1.0,
                1.0,
                1.0
              ],
              "reasons": [
                "always_after_warmup"
              ],
              "intervened": true,
              "resonance_time_ms": 0.2522,