{
  "qwen3vl2b": [
    {
      "dataset": "mmbench",
      "n_samples": 200,
      "baseline": {
        "accuracy": 0.855,
        "agl": 2.055,
        "itl_ms_per_token": 28.914134830236435,
        "tokens_per_second": 34.58516071365442
      },
      "bra": {
        "accuracy": 0.855,
        "avg_candidate_window": 0.5,
        "avg_visual_topk": 0.02,
        "avg_resonance_time_ms": 0.08638139348477125,
        "intervention_rate": 0.01,
        "agl": 2.03,
        "itl_ms_per_token": 26.135852217674255,
        "tokens_per_second": 38.261618242689416
      },
      "bra_method": "bra_zero",
      "sample_count": 200,
      "model_family": "qwen3_vl",
      "notes": [],
      "sample_audits": [
        {
          "sample_index": 103,
          "ground_truth": {
            "answer": "A"
          },
          "base_preview": "A. Solution A",
          "bra_preview": "A. Solution A",
          "audit": [
            {
              "step": 4,
              "token_ids": [
                362,
                425,
                220,
                32,
                56755,
                264,
                400,
                374,
                356,
                271
              ],
              "raw_scores": [
                2.452138,
                2.25372,
                1.70623,
                1.816171,
                1.609793,
                1.670892,
                1.226284,
                1.867148,
                1.598895,
                1.908075
              ],
              "rel_scores": [
                0.000843,
                0.000381,
                4.3e-05,
                6.6e-05,
                2.9e-05,
                3.7e-05,
                6e-06,
                8.1e-05,
                2.8e-05,
                9.6e-05
              ],
              "mask": [
                1.0,
                1.0,
                1.0,
                1.0,
                1.0,
                1.0,
                1.0,
                1.0,
                1.0,
                1.0
              ],
              "reasons": [
                "always_after_warmup"
              ],
              "intervened": true,
              "resonance_time_ms": 33.5282,
              "visual_topk": 2
            },
            {
              "step": 5,
              "token_ids": [
                151645,
                198,
                271,
                374,
                220,
                702,
                13,
                11,
                320,
                2303
              ],
              "raw_scores": [
                4.219578,
                2.122332,
                1.908075,
                1.867148,
                1.70623,
                1.62539,
                2.05858,
                1.628038,
                1.605614,
                1.263453
              ],
              "rel_scores": [
                0.994787,
                0.000226,
                9.6e-05,
                8.1e-05,
                4.3e-05,
                3.1e-05,
                0.000175,
                3.1e-05,
                2.9e-05,
                7e-06
              ],
              "mask": [
                1.0,
                1.0,
                1.0,
                1.0,
                1.0,
                1.0,
                1.0,
                1.0,
                1.0,
                1.0
              ],
              "reasons": [
                "always_after_warmup"
              ],
              "intervened": true,
              "resonance_time_ms": 0.2608,
              "visual_topk": 2
            }
          ]
        },
        {
          "sample_index": 111,
          "ground_truth": {
            "answer": "B"
          },
          "base_preview": "B",
          "bra_preview": "B. keep warm",
          "audit": [
            {
              "step": 4,
              "token_ids": [
                8205,
                40363,
                82597,
                44939,
                45763,
                81730,
                4116,
                19300,
                220,
                23867
              ],
              "raw_scores": [
                1.015725,
                0.873993,
                0.544972,
                0.534081,
                0.750498,
                0.562532,
                0.30982,
                1.201307,
                1.115372,
                0.907499
              ],
              "rel_scores": [
                0.007095,
                0.004025,
                0.001079,
                0.001033,
                0.002456,
                0.001158,
                0.000421,
                0.014905,
                0.01057,
                0.004602
              ],
              "mask": [
                1.0,
                1.0,
                1.0,
                1.0,
                1.0,
                1.0,
                1.0,
                1.0,
                1.0,
                1.0
              ],
              "reasons": [
                "always_after_warmup"
              ],
              "intervened": true,
              "resonance_time_ms": 0.5093,
              "visual_topk": 2
            },
            {
              "step": 5,
              "token_ids": [
                151645,
                198,
                271,
                13,
                785,
                220,
                151668,
                1406,
                151657,
                151643
              ],
              "raw_scores": [
                2.000873,
                1.908545,
                1.813428,
                1.222771,
                0.887709,
                1.115372,
                0.861908,
                1.248237,
                0.791215,
                1.007432
              ],
              "rel_scores": [
                0.303826,
                0.210008,
                0.143549,
                0.013518,
                0.003539,
                0.008797,
                0.003192,
                0.014968,
                0.002406,
                0.005713
              ],
              "mask": [
                1.0,
                1.0,
                1.0,
                1.0,
                1.0,
                1.0,
                1.0,
                1.0,
                1.0,
                1.0
              ],
              "reasons": [
                "always_after_warmup"
              ],
              "intervened": true,
              "resonance_time_ms": 0.2543,
              "visual_topk": 2
            }
          ]
        }
      ]
    }
  ]
}