{
  "qwen3vl2b": [
    {
      "dataset": "mmmu",
      "n_samples": 30,
      "baseline": {
        "accuracy": 0.23333333333333334,
        "agl": 2.433333333333333,
        "itl_ms_per_token": 44.01257832845052,
        "tokens_per_second": 22.720777513585976
      },
      "bra": {
        "accuracy": 0.2,
        "avg_candidate_window": 5.0,
        "avg_visual_topk": 0.8666666666666667,
        "avg_resonance_time_ms": 0.6094713012377421,
        "intervention_rate": 0.1,
        "agl": 2.466666666666667,
        "itl_ms_per_token": 33.56096625328064,
        "tokens_per_second": 29.796519934888597
      },
      "bra_method": "bra_zero",
      "sample_count": 30,
      "model_family": "qwen3_vl",
      "notes": [],
      "sample_audits": [
        {
          "sample_index": 0,
          "ground_truth": {
            "answer": "C"
          },
          "base_preview": "C.",
          "bra_preview": "Cimarron",
          "audit": [
            {
              "step": 4,
              "token_ids": [
                263,
                6721,
                3165,
                290,
                2382,
                258,
                20783,
                21251,
                603,
                15
              ],
              "raw_scores": [
                1.482995,
                1.103894,
                0.954368,
                1.307806,
                0.966567,
                1.07431,
                1.122973,
                1.025882,
                1.30427,
                1.68353
              ],
              "rel_scores": [
                0.008244,
                0.00181,
                0.000995,
                0.004091,
                0.001045,
                0.001608,
                0.001953,
                0.001324,
                0.004033,
                0.018386
              ],
              "mask": [
                1.0,
                1.0,
                1.0,
                1.0,
                1.0,
                1.0,
                1.0,
                1.0,
                1.0,
                1.0
              ],
              "reasons": [
                "always_after_warmup"
              ],
              "intervened": true,
              "resonance_time_ms": 34.5416,
              "visual_topk": 6
            },
            {
              "step": 5,
              "token_ids": [
                151645,
                11,
                374,
                13,
                320,
                198,
                572,
                271,
                594,
                220
              ],
              "raw_scores": [
                3.490521,
                1.787341,
                2.314529,
                1.753362,
                1.602842,
                2.533252,
                1.284768,
                2.431705,
                1.394291,
                1.546361
              ],
              "rel_scores": [
                0.904286,
                0.000994,
                0.008192,
                0.000868,
                0.000475,
                0.01965,
                0.000133,
                0.01309,
                0.000206,
                0.000379
              ],
              "mask": [
                1.0,
                1.0,
                1.0,
                1.0,
                1.0,
                1.0,
                1.0,
                1.0,
                1.0,
                1.0
              ],
              "reasons": [
                "always_after_warmup"
              ],
              "intervened": true,
              "resonance_time_ms": 0.2749,
              "visual_topk": 6
            }
          ]
        },
        {
          "sample_index": 2,
          "ground_truth": {
            "answer": "C"
          },
          "base_preview": "H. Stern",
          "bra_preview": "H. Stern",
          "audit": [
            {
              "step": 4,
              "token_ids": [
                151645,
                11,
                13,
                198,
                320,
                271,
                82,
                220,
                71,
                26
              ],
              "raw_scores": [
                3.664556,
                2.0636,
                1.972276,
                2.661268,
                1.621126,
                2.330578,
                1.032998,
                1.492326,
                1.14027,
                1.77446
              ],
              "rel_scores": [
                0.917613,
                0.001519,
                0.001054,
                0.016587,
                0.000259,
                0.004419,
                2.5e-05,
                0.000155,
                3.8e-05,
                0.000478
              ],
              "mask": [
                1.0,
                1.0,
                1.0,
                1.0,
                1.0,
                1.0,
                1.0,
                1.0,
                1.0,
                1.0
              ],
              "reasons": [
                "always_after_warmup"
              ],
              "intervened": true,
              "resonance_time_ms": 0.4212,
              "visual_topk": 8
            }
          ]
        },
        {
          "sample_index": 19,
          "ground_truth": {
            "answer": "D"
          },
          "base_preview": "A",
          "bra_preview": "J. C. Marlowe",
          "audit": [
            {
              "step": 4,
              "token_ids": [
                13,
                151645,
                11,
                624,
                2572,
                1785,
                538,
                382,
                3839,
                53425
              ],
              "raw_scores": [
                1.559106,
                3.574871,
                1.885642,
                1.846048,
                0.87057,
                0.802162,
                0.65347,
                1.765775,
                0.923443,
                0.584261
              ],
              "rel_scores": [
                0.000299,
                0.948727,
                0.001103,
                0.000942,
                1.9e-05,
                1.4e-05,
                8e-06,
                0.000683,
                2.4e-05,
                6e-06
              ],
              "mask": [
                1.0,
                1.0,
                1.0,
                1.0,
                1.0,
                1.0,
                1.0,
                1.0,
                1.0,
                1.0
              ],
              "reasons": [
                "always_after_warmup"
              ],
              "intervened": true,
              "resonance_time_ms": 1.2205,
              "visual_topk": 12
            },
            {
              "step": 5,
              "token_ids": [
                2876,
                472,
                434,
                79548,
                53425,
                45072,
                431,
                425,
                467,
                2823
              ],
              "raw_scores": [
                0.989552,
                1.088072,
                0.998611,
                0.522098,
                0.584261,
                0.904581,
                0.981882,
                0.970252,
                1.148706,
                0.854166
              ],
              "rel_scores": [
                0.013337,
                0.01978,
                0.01383,
                0.002056,
                0.002636,
                0.009494,
                0.012934,
                0.012346,
                0.025209,
                0.00776
              ],
              "mask": [
                1.0,
                1.0,
                1.0,
                1.0,
                1.0,
                1.0,
                1.0,
                1.0,
                1.0,
                1.0
              ],