{
  "qwen3vl2b": [
    {
      "dataset": "docvqa",
      "n_samples": 200,
      "baseline": {
        "accuracy": 0.0,
        "agl": 6.365,
        "itl_ms_per_token": 88.32521736659568,
        "tokens_per_second": 11.321794950693175
      },
      "bra": {
        "accuracy": 0.0,
        "avg_candidate_window": 41.0,
        "avg_visual_topk": 32.355,
        "avg_resonance_time_ms": 0.32848075042620983,
        "intervention_rate": 0.82,
        "agl": 6.375,
        "itl_ms_per_token": 87.6354932389563,
        "tokens_per_second": 11.4109017139128
      },
      "bra_method": "bra_zero",
      "sample_count": 200,
      "model_family": "qwen3_vl",
      "notes": [],
      "sample_audits": [
        {
          "sample_index": 0,
          "ground_truth": {
            "answer": "None",
            "answer_text": "None",
            "task_type": "text"
          },
          "base_preview": "4000",
          "bra_preview": "1483",
          "audit": [
            {
              "step": 4,
              "token_ids": [
                13,
                19,
                20,
                18,
                17,
                22,
                23,
                16,
                21,
                24
              ],
              "raw_scores": [
                2.010178,
                2.76442,
                2.959141,
                2.793858,
                2.864565,
                3.006768,
                3.081071,
                3.109404,
                3.176078,
                3.352135
              ],
              "rel_scores": [
                0.000288,
                0.005893,
                0.01284,
                0.006629,
                0.008796,
                0.015535,
                0.020912,
                0.023421,
                0.03058,
                0.061841
              ],
              "mask": [
                0.0,
                1.0,
                1.0,
                1.0,
                1.0,
                1.0,
                1.0,
                1.0,
                1.0,
                1.0
              ],
              "reasons": [
                "always_after_warmup"
              ],
              "intervened": true,
              "resonance_time_ms": 14.1146,
              "visual_topk": 38
            },
            {
              "step": 5,
              "token_ids": [
                151645,
                13,
                20,
                17,
                19,
                18,
                21,
                16,
                22,
                23
              ],
              "raw_scores": [
                3.969775,
                2.010178,
                2.959141,
                2.864565,
                2.76442,
                2.793858,
                3.176078,
                3.109404,
                3.006768,
                3.081071
              ],
              "rel_scores": [
                0.730068,
                0.000288,
                0.012815,
                0.008778,
                0.005881,
                0.006616,
                0.030519,
                0.023375,
                0.015504,
                0.02087
              ],
              "mask": [
                1.0,
                0.0,
                1.0,
                1.0,
                1.0,
                1.0,
                1.0,
                1.0,
                1.0,
                1.0
              ],
              "reasons": [
                "always_after_warmup"
              ],
              "intervened": true,
              "resonance_time_ms": 0.2707,
              "visual_topk": 38
            }
          ]
        },
        {
          "sample_index": 1,
          "ground_truth": {
            "answer": "None",
            "answer_text": "None",
            "task_type": "text"
          },
          "base_preview": "Betty Royal",
          "bra_preview": "Betty Royal",
          "audit": [
            {
              "step": 4,
              "token_ids": [
                151645,
                220,
                13,
                198,
                11,
                271,
                320,
                151657,
                151668,
                73594
              ],
              "raw_scores": [
                4.207411,
                2.081877,
                2.477057,
                2.808691,
                2.141545,
                3.120569,
                1.665889,
                2.115507,
                2.038181,
                1.204639
              ],
              "rel_scores": [
                0.978395,
                0.000199,
                0.000965,
                0.003637,
                0.000252,
                0.012661,
                3.8e-05,
                0.000227,
                0.000167,
                6e-06
              ],
              "mask": [
                1.0,
                1.0,
                0.0,
                1.0,
                0.0,
                1.0,
                1.0,
                1.0,
                1.0,
                0.0
              ],
              "reasons": [
                "always_after_warmup"
              ],
              "intervened": true,
              "resonance_time_ms": 0.5166,
              "visual_topk": 36
            }
          ]
        },
        {
          "sample_index": 3,
          "ground_truth": {
            "answer": "None",
            "answer_text": "None",
            "task_type": "text"
          },
          "base_preview": "20,299",
          "bra_preview": "20,299",
          "audit": [
            {
              "step": 4,
              "token_ids": [
                17,
                220,
                15,
                18,
                24,
                16,
                20,
                19,
                23,
                22
              ],
              "raw_scores": [
                3.30325,
                1.951256,
                3.908862,
                3.226674,
                3.61798,
                3.235013,
                3.262069,
                3.167577,
                3.696413,
                3.882781
              ],
              "rel_scores": [
                0.029088,
                0.00013,
                0.327916,
                0.021413,
                0.102435,
                0.022139,
                0.02467,
                0.016905,
                0.140185,
                0.29543
              ],
              "mask": [
                1.0,
                1.0,
                1.0,
                1.0,
                1.0,
                1.0,
                1.0,
                1.0,
                1.0,
                1.0
              ],
              "reasons": [
                "always_after_warmup"
              ],
              "intervened": true,
              "resonance_time_ms": 0.5828,
              "visual_topk": 41
            },
            {
              "step": 5,
              "token_ids": [
                24,
                23,
                17,
                15,
                22,
                18,
                20,
                21,
                19,
                16
              ],
              "raw_scores": [
                3.61798,
                3.696413,
                3.30325,
                3.908862,
                3.882781,
                3.226674,
                3.262069,
                3.185059,
                3.167577,
                3.235013
              ],
              "rel_scores": [
                0.10053,
                0.137577,
                0.028546,
                0.321817,
                0.289935,
                0.021015,
                0.024211,
                0.017792,
                0.016591,
                0.021728
              ],