{
  "qwen3vl2b": [
    {
      "dataset": "docvqa",
      "n_samples": 200,
      "baseline": {
        "accuracy": 0.0,
        "agl": 6.445,
        "itl_ms_per_token": 87.11921822579241,
        "tokens_per_second": 11.478523572241391
      },
      "bra": {
        "accuracy": 0.0,
        "avg_candidate_window": 40.75,
        "avg_visual_topk": 32.17,
        "avg_resonance_time_ms": 0.3539432404802898,
        "intervention_rate": 0.815,
        "agl": 6.365,
        "itl_ms_per_token": 87.76245849475177,
        "tokens_per_second": 11.394393652495507
      },
      "bra_method": "bra_zero",
      "sample_count": 200,
      "model_family": "qwen3_vl",
      "notes": [],
      "sample_audits": [
        {
          "sample_index": 0,
          "ground_truth": {
            "answer": "None",
            "answer_text": "None",
            "task_type": "text"
          },
          "base_preview": "11.88",
          "bra_preview": "187.82",
          "audit": [
            {
              "step": 4,
              "token_ids": [
                13,
                23,
                19,
                18,
                22,
                20,
                24,
                17,
                11,
                15
              ],
              "raw_scores": [
                2.010178,
                3.081071,
                2.76442,
                2.793858,
                3.006768,
                2.959141,
                3.352135,
                2.864565,
                1.792092,
                3.372152
              ],
              "rel_scores": [
                0.000288,
                0.020883,
                0.005884,
                0.00662,
                0.015513,
                0.012822,
                0.061755,
                0.008784,
                0.00012,
                0.066903
              ],
              "mask": [
                1.0,
                1.0,
                1.0,
                1.0,
                1.0,
                1.0,
                1.0,
                1.0,
                1.0,
                1.0
              ],
              "reasons": [
                "always_after_warmup"
              ],
              "intervened": true,
              "resonance_time_ms": 52.3463,
              "visual_topk": 38
            },
            {
              "step": 5,
              "token_ids": [
                23,
                24,
                18,
                19,
                22,
                20,
                21,
                17,
                16,
                15
              ],
              "raw_scores": [
                3.081071,
                3.352135,
                2.793858,
                2.76442,
                3.006768,
                2.959141,
                3.176078,
                2.864565,
                3.109404,
                3.372152
              ],
              "rel_scores": [
                0.081277,
                0.240355,
                0.025765,
                0.022903,
                0.06038,
                0.049906,
                0.118853,
                0.034187,
                0.09103,
                0.260392
              ],
              "mask": [
                1.0,
                1.0,
                1.0,
                1.0,
                1.0,
                1.0,
                1.0,
                1.0,
                1.0,
                1.0
              ],
              "reasons": [
                "always_after_warmup"
              ],
              "intervened": true,
              "resonance_time_ms": 0.2815,
              "visual_topk": 38
            },
            {
              "step": 6,
              "token_ids": [
                24,
                17,
                21,
                23,
                20,
                18,
                15,
                22,
                16,
                19
              ],
              "raw_scores": [
                3.352135,
                2.864565,
                3.176078,
                3.081071,
                2.959141,
                2.793858,
                3.372152,
                3.006768,
                3.109404,
                2.76442
              ],
              "rel_scores": [
                0.062126,
                0.008836,
                0.030721,
                0.021008,
                0.012899,
                0.00666,
                0.067305,
                0.015607,
                0.023529,
                0.00592
              ],
              "mask": [
                1.0,
                1.0,
                1.0,
                1.0,
                1.0,
                1.0,
                1.0,
                1.0,
                1.0,
                1.0
              ],
              "reasons": [
                "always_after_warmup"
              ],
              "intervened": true,
              "resonance_time_ms": 0.2578,
              "visual_topk": 38
            },
            {
              "step": 7,
              "token_ids": [
                151645,
                198,
                145416,
                20,
                19,
                18,
                17,
                89791,
                220,
                13
              ],
              "raw_scores": [
                3.969775,
                2.74066,
                1.813829,
                2.959141,
                2.76442,
                2.793858,
                2.864565,
                1.695669,
                2.105728,
                2.010178
              ],
              "rel_scores": [
                0.730514,
                0.005351,
                0.000131,
                0.012823,
                0.005885,
                0.00662,
                0.008784,
                8.2e-05,
                0.000422,
                0.000288
              ],
              "mask": [
                1.0,
                1.0,
                1.0,
                1.0,
                1.0,
                1.0,
                1.0,
                1.0,
                1.0,
                1.0
              ],
              "reasons": [
                "always_after_warmup"
              ],
              "intervened": true,
              "resonance_time_ms": 0.2516,
              "visual_topk": 38
            }
          ]
        },
        {
          "sample_index": 1,
          "ground_truth": {
            "answer": "None",
            "answer_text": "None",
            "task_type": "text"
          },
          "base_preview": "Betty Royal",
          "bra_preview": "Betty Royal",
          "audit": [
            {
              "step": 4,
              "token_ids": [
                151645,
                220,
                13,
                198,
                11,
                271,
                320,
                151657,
                151668,
                73594
              ],
              "raw_scores": [
                4.207411,
                2.081877,
                2.477057,
                2.808691,
                2.141545,
                3.120569,
                1.665889,
                2.115507,
                2.038181,
                1.204639
              ],
              "rel_scores": [
                0.978395,
                0.000199,
                0.000965,
                0.003637,
                0.000252,
                0.012661,
                3.8e-05,
                0.000227,
                0.000167,
                6e-06
              ],
              "mask": [
                1.0,
                1.0,
                1.0,
                1.0,
                1.0,
                1.0,
                1.0,
                1.0,
                1.0,
                1.0
              ],
              "reasons": [
                "always_after_warmup"
              ],
              "intervened": true,