{
  "qwen3vl2b": [
    {
      "dataset": "docvqa",
      "n_samples": 20,
      "baseline": {
        "accuracy": 0.0,
        "agl": 6.0,
        "itl_ms_per_token": 80.66523760084121,
        "tokens_per_second": 12.396913834783915
      },
      "bra": {
        "accuracy": 0.0,
        "avg_candidate_window": 40.0,
        "avg_visual_topk": 30.4,
        "avg_resonance_time_ms": 0.8637414979083197,
        "intervention_rate": 0.8,
        "agl": 6.25,
        "itl_ms_per_token": 72.04500155789512,
        "tokens_per_second": 13.880213455147244
      },
      "bra_method": "bra_zero",
      "sample_count": 20,
      "model_family": "qwen3_vl",
      "notes": [],
      "sample_audits": [
        {
          "sample_index": 0,
          "ground_truth": {
            "answer": "None",
            "answer_text": "None",
            "task_type": "text"
          },
          "base_preview": "187.82",
          "bra_preview": "14.56",
          "audit": [
            {
              "step": 4,
              "token_ids": [
                23,
                20,
                15,
                17,
                18,
                21,
                24,
                22,
                16,
                19
              ],
              "raw_scores": [
                3.081071,
                2.959141,
                3.372152,
                2.864565,
                2.793858,
                3.176078,
                3.352135,
                3.006768,
                3.109404,
                2.76442
              ],
              "rel_scores": [
                0.02114,
                0.012981,
                0.067729,
                0.008892,
                0.006702,
                0.030914,
                0.062517,
                0.015705,
                0.023677,
                0.005957
              ],
              "mask": [
                1.0,
                1.0,
                1.0,
                1.0,
                1.0,
                1.0,
                1.0,
                1.0,
                1.0,
                1.0
              ],
              "reasons": [
                "always_after_warmup"
              ],
              "intervened": true,
              "resonance_time_ms": 33.9098,
              "visual_topk": 38
            },
            {
              "step": 5,
              "token_ids": [
                20,
                17,
                18,
                19,
                21,
                22,
                23,
                16,
                151645,
                15
              ],
              "raw_scores": [
                2.959141,
                2.864565,
                2.793858,
                2.76442,
                3.176078,
                3.006768,
                3.081071,
                3.109404,
                3.969775,
                3.372152
              ],
              "rel_scores": [
                0.012841,
                0.008797,
                0.00663,
                0.005893,
                0.030582,
                0.015536,
                0.020913,
                0.023423,
                0.731582,
                0.067002
              ],
              "mask": [
                1.0,
                1.0,
                1.0,
                1.0,
                1.0,
                1.0,
                1.0,
                1.0,
                1.0,
                1.0
              ],
              "reasons": [
                "always_after_warmup"
              ],
              "intervened": true,
              "resonance_time_ms": 0.2601,
              "visual_topk": 38
            },
            {
              "step": 6,
              "token_ids": [
                151645,
                4,
                20,
                17,
                18,
                19,
                22,
                21,
                23,
                16
              ],
              "raw_scores": [
                3.969775,
                2.601084,
                2.959141,
                2.864565,
                2.793858,
                2.76442,
                3.006768,
                3.176078,
                3.081071,
                3.109404
              ],
              "rel_scores": [
                0.731012,
                0.003064,
                0.012831,
                0.00879,
                0.006624,
                0.005889,
                0.015524,
                0.030559,
                0.020897,
                0.023405
              ],
              "mask": [
                1.0,
                0.0,
                1.0,
                1.0,
                1.0,
                1.0,
                1.0,
                1.0,
                1.0,
                1.0
              ],
              "reasons": [
                "always_after_warmup"
              ],
              "intervened": true,
              "resonance_time_ms": 0.3176,
              "visual_topk": 38
            }
          ]
        },
        {
          "sample_index": 1,
          "ground_truth": {
            "answer": "None",
            "answer_text": "None",
            "task_type": "text"
          },
          "base_preview": "Betty Royal",
          "bra_preview": "Betty Royal",
          "audit": [
            {
              "step": 4,
              "token_ids": [
                151645,
                220,
                13,
                198,
                11,
                271,
                320,
                151657,
                151668,
                73594
              ],
              "raw_scores": [
                4.207411,
                2.081877,
                2.477057,
                2.808691,
                2.141545,
                3.120569,
                1.665889,
                2.115507,
                2.038181,
                1.204639
              ],
              "rel_scores": [
                0.978395,
                0.000199,
                0.000965,
                0.003637,
                0.000252,
                0.012661,
                3.8e-05,
                0.000227,
                0.000167,
                6e-06
              ],
              "mask": [
                1.0,
                1.0,
                0.0,
                1.0,
                0.0,
                1.0,
                1.0,
                1.0,
                1.0,
                0.0
              ],
              "reasons": [
                "always_after_warmup"
              ],
              "intervened": true,
              "resonance_time_ms": 0.4755,
              "visual_topk": 36
            }
          ]
        },
        {
          "sample_index": 3,
          "ground_truth": {
            "answer": "None",
            "answer_text": "None",
            "task_type": "text"
          },
          "base_preview": "20,299",
          "bra_preview": "20,299",
          "audit": [
            {
              "step": 4,
              "token_ids": [
                17,
                220,
                15,
                18,
                24,
                16,
                20,
                19,
                23,
                22
              ],
              "raw_scores": [
                3.30325,
                1.951256,
                3.908862,
                3.226674,
                3.61798,
                3.235013,
                3.262069,
                3.167577,
                3.696413,
                3.882781
              ],
              "rel_scores": [
                0.029088,
                0.00013,
                0.327916,
                0.021413,
                0.102435,
                0.022139,
                0.02467,
                0.016905,
                0.140185,
                0.29543
              ],